BONUS_THEREMIN,BUILDING_THEREMIN_FACTORY,Dieselpunk,TECH_ELECTRONICS,75,10744
BONUS_MACHU_PICCHU_PLANS,BUILDING_MACHU_PICCHU,Andean,TECH_MOUNTAINEERING,48,1820
BONUS_HIT_ANIMATED_MOVIE,BUILDING_MOVIE_AUYANTEPUI,Natural_Wonders,TECH_ANIMATION,70,7718
BONUS_ANTIQUITIES_GRAVE_GOODS_EARTH,BUILDING_BURIAL_GOODS_EARTH,Antiquities (broken),TECH_CEREMONIAL_BURIAL,10,20
BONUS_ANTIQUITIES_GRAVE_GOODS_FIRE,BUILDING_BURIAL_GOODS_FIRE,Antiquities (broken),TECH_CEREMONIAL_BURIAL,10,20
BONUS_ANTIQUITIES_GRAVE_GOODS_CAVE,BUILDING_BURIAL_GOODS_CAVE,Antiquities (broken),TECH_CEREMONIAL_BURIAL,10,20
BONUS_ANTIQUITIES_GRAVE_GOODS_SKY,BUILDING_BURIAL_GOODS_SKY,Antiquities (broken),TECH_CEREMONIAL_BURIAL,10,20
BONUS_CARVED_EMU_EGGS,BUILDING_EMU_EGG,Buildings,TECH_PICTOGRAPHS,12,26
BONUS_CRYSTAL_GLASSWARE,BUILDING_MURANO_GLASSMAKERS,Buildings,TECH_LEAD_GLASS,53,2701
BONUS_FAKE_GEMS,BUILDING_HARAPPAN_FAKE_GEMS,Buildings,TECH_ORNAMENTATION,27,213
BONUS_FINE_STONEWARE,BUILDING_STONEWARE,Buildings,TECH_BARTER,11,23
BONUS_HAWAIIAN_SURFBOARDS,BUILDING_SURFBOARD,Buildings,TECH_MARTIAL_ARTS,46,1563
BONUS_OSTRICH_FEATHERS,BUILDING_SYNTHETIC_MEAT_BIOREACTOR,Pepper2000,TECH_REPLACEMENT_ORGANS,97,28189
BONUS_HIT_MOVIES,BUILDING_HOLLYWOOD,Buildings,TECH_MOTION_PICTURES,69,7356
BONUS_OLMEC_JADE_FIGURINES,BUILDING_OLMEC_JADE_CARVER,Buildings,TECH_BARTER,11,23
BONUS_HIT_MUSICALS,BUILDING_BROADWAY,Buildings,TECH_INCANDESCENT_LIGHTING,68,7008
BONUS_MING_VASE,BUILDING_MING_VASE_WORKSHOP,Buildings,TECH_FREE_ARTISTRY,52,2528
BONUS_HIT_SINGLES,BUILDING_ROCKNROLL,Buildings,TECH_ELECTRONICS,75,10744
BONUS_LIANGZHU_JADES,BUILDING_LIANGZHU_JADE_CARVER,Buildings,TECH_BARTER,11,23
BONUS_JADE_DEATH_MASKS,BUILDING_JADE_MASK,Buildings,TECH_PERSONAL_ADORNMENTS,9,17
BONUS_OSTRICH_LEATHER,BUILDING_SYNTHETIC_MEAT_BIOREACTOR,Pepper2000,TECH_REPLACEMENT_ORGANS,97,28189
BONUS_SHANG_JADE_RITUAL_ITEMS,BUILDING_SHANG_JADE_CARVER,Buildings,TECH_SACRIFICE_CULT,23,126
BONUS_RED_AND_BLACK_CERAMICS,BUILDING_RED_AND_BLACK,Buildings,TECH_GLASS_BLOWING,31,348
BONUS_WINE_VINTAGE_RED,BUILDING_VINTAGE_RED_WINERY,Buildings,TECH_ALCHEMY,44,1334
BONUS_WINE_CHAMPAGNE,BUILDING_CHAMPAGNE_WINERY,Buildings,TECH_ALCHEMY,44,1334
BONUS_TERRA_SIGILLATA,BUILDING_TERRA_SIGILLATA_WORKSHOP,Buildings,TECH_IRON_WORKING,33,448
BONUS_WINE_VINTAGE_WHITE,BUILDING_VINTAGE_WHITE_WINERY,Buildings,TECH_ALCHEMY,44,1334
BONUS_AIRCRAFT,BUILDING_MILITARY_INDUSTRIAL_COMPLEX,Pepper2000,TECH_MILITARY_ROBOTICS,97,28189
BONUS_ALCOHOL,BUILDING_FOOD_MANUFACTURING_DISTRICT,Pepper2000,TECH_AUGMENTED_CONSUMABLES,102,38858
BONUS_ALGAE,BUILDING_LUNAR_ALGAE_FARM,Pepper2000,TECH_LUNAR_COLONIZATION,101,37614
BONUS_AMMUNITION,BUILDING_MILITARY_INDUSTRIAL_COMPLEX,Pepper2000,TECH_MILITARY_ROBOTICS,97,28189
BONUS_ALUMINUM_INGOTS,BUILDING_NATIONAL_SMELTER_ALUMINUM,Buildings,TECH_INDUSTRIALISM,72,9484
BONUS_ANTI_GRAVITY_FIELD_GENERATORS,BUILDING_ANTI_GRAVITY_FIELD_GENERATOR_FACTORY,Buildings,TECH_ANTI_GRAVITY_FIELDS,114,70029
BONUS_ANDROIDS,BUILDING_LUNAR_DROID_FACTORY,Pepper2000,TECH_PLASTIC_ELECTRONICS,103,40165
BONUS_ANTIMATTER,BUILDING_CISLUNAR_ANTIMATTER,Pepper2000,TECH_WEAPONIZED_ANTIMATTER,133,172549
BONUS_LEVITATION_GENERATORS,BUILDING_ANTI_GRAVITY_FIELD_GENERATOR_FACTORY,Buildings,TECH_ANTI_GRAVITY_FIELDS,114,70029
BONUS_AUTOMOBILES,BUILDING_SELF_ASSEMBLY_FACTORY,Pepper2000,TECH_SYNERGETICS,113,67710
BONUS_BAMBOO,BUILDING_AGROFOREST,Pepper2000,undefined,null,null
BONUS_BARK,BUILDING_AGROFOREST,Pepper2000,undefined,null,null
BONUS_BARRELS,BUILDING_MANUFACTURING_DISTRICT,Pepper2000,TECH_RAPID_PROTOTYPING,93,24485
BONUS_BASKETS,BUILDING_BASKETWEAVER,Bead_Toy_Pottery,TECH_BASKETRY,4,7
BONUS_BERLINITE,BUILDING_CORE_MINE,Pepper2000,TECH_NANOMINING,115,72474
BONUS_BEADS,BUILDING_BEADMAKER,Bead_Toy_Pottery,TECH_BEAD_MAKING,10,20
BONUS_BICYCLES,BUILDING_MANUFACTURING_DISTRICT,Pepper2000,TECH_RAPID_PROTOTYPING,93,24485
BONUS_BERRIES,BUILDING_FARMSCRAPER_II,Pepper2000,undefined,null,null
BONUS_BIOFUEL,BUILDING_ULTRAFUEL_REFINERY,Pepper2000,undefined,null,null
BONUS_BLENDER,BUILDING_ELECTRONICS_MANUFACTURING_DISTRICT,Pepper2000,TECH_RAPID_PROTOTYPING,93,24485
BONUS_BIONIC_SUITS,BUILDING_BIONICS_FACTORY,Buildings,TECH_BIONICS,105,42984
BONUS_BIOPOLYMERS,BUILDING_BIOPOLYMER_FACTORY,Buildings,TECH_BIOMATERIALS,89,21329
BONUS_BONE,BUILDING_SYNTHETIC_MEAT_BIOREACTOR,Pepper2000,TECH_REPLACEMENT_ORGANS,97,28189
BONUS_BOOKS,BUILDING_MANUFACTURING_DISTRICT,Pepper2000,TECH_RAPID_PROTOTYPING,93,24485
BONUS_BORAX,BUILDING_ADVANCED_EARTHWORKS,Pepper2000,TECH_MODERN_SEISMOLOGY,81,13724
BONUS_BRASS_INSTRUMENTS,BUILDING_MUSIC_FACTORY,Pepper2000,TECH_ASSEMBLY_LINE,65,6042
BONUS_BREAD,BUILDING_FOOD_MANUFACTURING_DISTRICT,Pepper2000,TECH_AUGMENTED_CONSUMABLES,102,38858
BONUS_BRICKS,BUILDING_ADVANCED_EARTHWORKS,Pepper2000,TECH_MODERN_SEISMOLOGY,81,13724
BONUS_CANDLES,BUILDING_MANUFACTURING_DISTRICT,Pepper2000,TECH_RAPID_PROTOTYPING,93,24485
BONUS_CANDY,BUILDING_CANDY_STORE,Buildings,TECH_APICULTURE,22,110
BONUS_CAESIUM_ORE,BUILDING_CORE_MINE,Pepper2000,TECH_NANOMINING,115,72474
BONUS_CALCULATORS,BUILDING_ELECTRONICS_MANUFACTURING_DISTRICT,Pepper2000,TECH_RAPID_PROTOTYPING,93,24485
BONUS_CANNED_FOOD,BUILDING_WELFARE_SQUARE,Mormon New,TECH_AGRICULTURAL_ENGINEERING,66,6351
BONUS_CARPETS,BUILDING_TEXTILE_DISTRICT,Pepper2000,TECH_RAPID_PROTOTYPING,93,24485
BONUS_CAT,BUILDING_RE_PET_SHOP,Pepper2000,undefined,null,null
BONUS_CELLPHONES,BUILDING_ELECTRONICS_MANUFACTURING_DISTRICT,Pepper2000,TECH_RAPID_PROTOTYPING,93,24485
BONUS_CELLULASE_CAPSULES,BUILDING_CELLULASE_CAPSULE_FACTORY,Buildings,TECH_BACTERIUM_ENGINEERING,97,28189
BONUS_CEMENT,BUILDING_LUNAR_CONCRETE_MILL,Pepper2000,TECH_LUNAR_COLONIZATION,101,37614
BONUS_CHALK,BUILDING_ADVANCED_EARTHWORKS,Pepper2000,TECH_MODERN_SEISMOLOGY,81,13724
BONUS_CHARCOAL,BUILDING_NATURAL_WONDER_KRAKATOA,Natural_Wonders,TECH_LANGUAGE,1,3
BONUS_CHEESE,BUILDING_FOOD_MANUFACTURING_DISTRICT,Pepper2000,TECH_AUGMENTED_CONSUMABLES,102,38858
BONUS_CHEMICALS,BUILDING_LUNAR_CHEMICAL_STORAGE,Pepper2000,TECH_LUNAR_COLONIZATION,101,37614
BONUS_CHOCOLATE,BUILDING_FOOD_MANUFACTURING_DISTRICT,Pepper2000,TECH_AUGMENTED_CONSUMABLES,102,38858
BONUS_BUGS,BUILDING_LUNAR_BUG_FARM,Pepper2000,TECH_LUNAR_MANUFACTURING,102,38858
BONUS_CINNABAR_ORE,BUILDING_ADVANCED_EARTHWORKS,Pepper2000,TECH_MODERN_SEISMOLOGY,81,13724
BONUS_CHROMITE_ORE,BUILDING_CORE_MINE,Pepper2000,TECH_NANOMINING,115,72474
BONUS_CLAY,BUILDING_ADVANCED_EARTHWORKS,Pepper2000,TECH_MODERN_SEISMOLOGY,81,13724
BONUS_CLOTH,BUILDING_TEXTILE_DISTRICT,Pepper2000,TECH_RAPID_PROTOTYPING,93,24485
BONUS_CLOTHING,BUILDING_TEXTILE_DISTRICT,Pepper2000,TECH_RAPID_PROTOTYPING,93,24485
BONUS_CARCASS,BUILDING_MAMMOTH_HERD,Mammoths,undefined,null,null
BONUS_COBALT_ORE,BUILDING_CORE_MINE,Pepper2000,TECH_NANOMINING,115,72474
BONUS_COMPUTERS,BUILDING_ELECTRONICS_MANUFACTURING_DISTRICT,Pepper2000,TECH_RAPID_PROTOTYPING,93,24485
BONUS_COPPER_WIRES,BUILDING_ADVANCED_COPPERWORKS,Pepper2000,TECH_ADVANCED_METALLURGY,73,9889
BONUS_CYBERNETIC_CHLOROPLASTS,BUILDING_MARTIAN_CYBERNETIC_CHLOROPLAST_IMPORTER,Pepper2000,TECH_PLANETARY_TRADE,111,63426
BONUS_COTTON_FIBERS,BUILDING_TEXTILE_DISTRICT,Pepper2000,TECH_RAPID_PROTOTYPING,93,24485
BONUS_PETROLEUM_PRODUCTS,BUILDING_ULTRAFUEL_REFINERY,Pepper2000,undefined,null,null
BONUS_DISHWASHERS,BUILDING_ELECTRONICS_MANUFACTURING_DISTRICT,Pepper2000,TECH_RAPID_PROTOTYPING,93,24485
BONUS_DIGITIZED_MEMBRANES,BUILDING_DIGITIZED_MEMBRANE_FACTORY,Buildings,TECH_INTERACTIVE_GLASS,106,44505
BONUS_DISKETTES,BUILDING_DISKETTE_FACTORY,Buildings,TECH_PERSONAL_COMPUTERS,81,13724
BONUS_DOG,BUILDING_RE_PET_SHOP,Pepper2000,undefined,null,null
BONUS_DRIED_FISH,BUILDING_AQUAFARM,Pepper2000,undefined,null,null
BONUS_DRIED_FRUIT,BUILDING_FARMSCRAPER_III,Pepper2000,undefined,null,null
BONUS_DRIED_MEAT,BUILDING_FOOD_MANUFACTURING_DISTRICT,Pepper2000,TECH_AUGMENTED_CONSUMABLES,102,38858
BONUS_DRUGS,BUILDING_FARMSCRAPER_I,Pepper2000,undefined,null,null
BONUS_DYE,BUILDING_CHEMICALS_DISTRICT,Pepper2000,TECH_NOVUS_CHEMISTRY,104,41539
BONUS_ECSTASY,BUILDING_CHEMICAL_CONGLOMERATE,Pepper2000,TECH_MEGACORPORATIONS,102,38858
BONUS_EGGS,BUILDING_SYNTHETIC_MEAT_BIOREACTOR,Pepper2000,TECH_REPLACEMENT_ORGANS,97,28189
BONUS_ELECTROACTIVE_POLYMERS,BUILDING_ELECTROACTIVE_POLYMER_FACTORY,Buildings,TECH_BIOMECHANICAL_HARVESTING,94,25354
BONUS_ELECTROLYTIC_CELLS,BUILDING_OXIDATION_FACTORY,Buildings,TECH_FUEL_CELLS,87,19916
BONUS_ENERGY_DRINK,BUILDING_FOOD_MANUFACTURING_DISTRICT,Pepper2000,TECH_AUGMENTED_CONSUMABLES,102,38858
BONUS_ENZYMES,BUILDING_MOLECULAR_BIOLOGY_LAB,Buildings,TECH_MOLECULAR_BIOLOGY,81,13724
BONUS_EXOSKELETONS,BUILDING_HYDRAULIC_FACTORY,Buildings,TECH_POWERED_EXOSKELETON,96,27203
BONUS_FEATHERS,BUILDING_RATITE_HERD,Buildings,TECH_MEGAFAUNA_DOMESTICATION,18,60
BONUS_FIBERGLASS,BUILDING_CHEMICAL_CONGLOMERATE,Pepper2000,TECH_MEGACORPORATIONS,102,38858
BONUS_FERTILIZERS,BUILDING_TITAN_FERTILIZER_PLANT,Pepper2000,TECH_ABYSS_COLONIZATION,115,72474
BONUS_FIRECRACKERS,BUILDING_MANUFACTURING_DISTRICT,Pepper2000,TECH_RAPID_PROTOTYPING,93,24485
BONUS_FIBER_OPTIC_CABLES,BUILDING_FIBEROPTICS_FACTORY,Buildings,TECH_FIBER_OPTICS,87,19916
BONUS_FIREARMS,BUILDING_MILITARY_INDUSTRIAL_COMPLEX,Pepper2000,TECH_MILITARY_ROBOTICS,97,28189
BONUS_FISH_OIL,BUILDING_SYNTHETIC_MEAT_BIOREACTOR,Pepper2000,TECH_REPLACEMENT_ORGANS,97,28189
BONUS_FLASH_MEMORY_DEVICES,BUILDING_FLASH_MEMORY_FACTORY,Buildings,TECH_FLASH_MEMORY,90,22074
BONUS_FLINT,BUILDING_NATURAL_WONDER_PAMUKKALE,Natural_Wonders,TECH_LANGUAGE,1,3
BONUS_FLAX_FIBERS,BUILDING_TEXTILE_DISTRICT,Pepper2000,TECH_RAPID_PROTOTYPING,93,24485
BONUS_FLOUR,BUILDING_FOOD_MANUFACTURING_DISTRICT,Pepper2000,TECH_AUGMENTED_CONSUMABLES,102,38858
BONUS_FLOWERS,BUILDING_GREENHOUSE,Pepper2000,undefined,null,null
BONUS_FOSSILS,BUILDING_FOSSIL_AMMIONITE,Buildings,TECH_PALEONTOLOGY,59,3934
BONUS_GEMSTONE,BUILDING_CORE_MINE,Pepper2000,TECH_NANOMINING,115,72474
BONUS_FUR,BUILDING_SYNTHETIC_MEAT_BIOREACTOR,Pepper2000,TECH_REPLACEMENT_ORGANS,97,28189
BONUS_GEOGLYPH_PLANS,BUILDING_NAZCA_LINES,Buildings,TECH_MATHEMATICS,33,448
BONUS_FURNITURE,BUILDING_MANUFACTURING_DISTRICT,Pepper2000,TECH_RAPID_PROTOTYPING,93,24485
BONUS_GHEE_OIL,BUILDING_SYNTHETIC_MEAT_BIOREACTOR,Pepper2000,TECH_REPLACEMENT_ORGANS,97,28189
BONUS_GLASSWARE,BUILDING_LUNAR_GLASS_FACTORY,Pepper2000,TECH_LUNAR_COLONIZATION,101,37614
BONUS_GRAINS,BUILDING_FARMSCRAPER_III,Pepper2000,undefined,null,null
BONUS_GRAPHENE,BUILDING_PICOTECH_COMPLEX,Pepper2000,TECH_PICOTECHNOLOGY,134,179514
BONUS_FRUIT,BUILDING_FARMSCRAPER_III,Pepper2000,undefined,null,null
BONUS_GRAPHITE,BUILDING_CORE_MINE,Pepper2000,TECH_NANOMINING,115,72474
BONUS_GRASS,BUILDING_NATURAL_WONDER_BASALT_ORGAN,Natural_Wonders,TECH_LANGUAGE,1,3
BONUS_GRAVITY_GENERATORS,BUILDING_GRAVITY_GENERATOR_FACTORY,Buildings,TECH_GRAVITY_CONTROL,131,159944
BONUS_HATS,BUILDING_TEXTILE_DISTRICT,Pepper2000,TECH_RAPID_PROTOTYPING,93,24485
BONUS_HEAVY_WATER,BUILDING_HEAVY_WATER_PRODUCTION_PLANT,Buildings,TECH_QUANTUM_PHYSICS,74,10309
BONUS_HAEMATITE_ORE,BUILDING_ADVANCED_EARTHWORKS,Pepper2000,TECH_MODERN_SEISMOLOGY,81,13724
BONUS_HIDE,BUILDING_SYNTHETIC_MEAT_BIOREACTOR,Pepper2000,TECH_REPLACEMENT_ORGANS,97,28189
BONUS_HEMP_FIBERS,BUILDING_TEXTILE_DISTRICT,Pepper2000,TECH_RAPID_PROTOTYPING,93,24485
BONUS_HELICOPTERS,BUILDING_MILITARY_INDUSTRIAL_COMPLEX,Pepper2000,TECH_MILITARY_ROBOTICS,97,28189
BONUS_HOLOGRAPHIC_PROJECTORS,BUILDING_HOLOGRAPHIC_PROJECTOR_FACTORY,Buildings,TECH_HOLOGRAPHICS,102,38858
BONUS_HONEY,BUILDING_FOOD_MANUFACTURING_DISTRICT,Pepper2000,TECH_AUGMENTED_CONSUMABLES,102,38858
BONUS_HOVERCRAFTS,BUILDING_MILITARY_INDUSTRIAL_COMPLEX,Pepper2000,TECH_MILITARY_ROBOTICS,97,28189
BONUS_HYDROGEN,BUILDING_LUNAR_ROCKET_FUEL_REFIENERY,Pepper2000,TECH_LUNAR_MANUFACTURING,102,38858
BONUS_ICE_CREAM,BUILDING_UNIVERSAL_RESTAURANT,Pepper2000,TECH_AUGMENTED_CONSUMABLES,102,38858
BONUS_HYPOSPRAYS,BUILDING_MEDICAL_MEGACOMPLEX,Pepper2000,TECH_MOLECULAR_SCANNING,120,86834
BONUS_IMMUNITY_DRUGS,BUILDING_MEDICAL_MEGACOMPLEX,Pepper2000,TECH_MOLECULAR_SCANNING,120,86834
BONUS_BRASS_INGOTS,BUILDING_METAL_MEGACOMPLEX,Pepper2000,TECH_NANOMINING,115,72474
BONUS_COPPER_INGOTS,BUILDING_NATIONAL_SMELTER_COPPER,Buildings,TECH_COPPER_WORKING,24,144
BONUS_ELECTRUM_INGOTS,BUILDING_METAL_MEGACOMPLEX,Pepper2000,TECH_NANOMINING,115,72474
BONUS_GOLD_INGOTS,BUILDING_NATIONAL_SMELTER_GOLD,Buildings,TECH_METAL_CASTING,25,164
BONUS_LEAD_INGOTS,BUILDING_NATIONAL_SMELTER_LEAD,Buildings,TECH_LEAD_WORKING,24,144
BONUS_IRON_INGOTS,BUILDING_NATIONAL_SMELTER_IRON,Buildings,TECH_IRON_WORKING,33,448
BONUS_PLATINUM_INGOTS,BUILDING_NATIONAL_SMELTER_PLATINUM,Buildings,TECH_IRON_WORKING,33,448
BONUS_SILVER_INGOTS,BUILDING_NATIONAL_SMELTER_SILVER,Buildings,TECH_METAL_CASTING,25,164
BONUS_TIN_INGOTS,BUILDING_NATIONAL_SMELTER_TIN,Buildings,TECH_BRONZE_WORKING,29,274
BONUS_TITANIUM_INGOTS,BUILDING_NATIONAL_SMELTER_TITANIUM,Buildings,TECH_ADVANCED_METALLURGY,73,9889
BONUS_IVORY,BUILDING_MAMMOTH_HERD,Mammoths,undefined,null,null
BONUS_JET_ENGINES,BUILDING_MILITARY_INDUSTRIAL_COMPLEX,Pepper2000,TECH_MILITARY_ROBOTICS,97,28189
BONUS_JEWELRY,BUILDING_MANUFACTURING_DISTRICT,Pepper2000,TECH_RAPID_PROTOTYPING,93,24485
BONUS_KEROSENE,BUILDING_KEROSENE_DISTILLERY,Buildings,TECH_ALCHEMY,44,1334
BONUS_KEVLAR,BUILDING_CHEMICAL_CONGLOMERATE,Pepper2000,TECH_MEGACORPORATIONS,102,38858
BONUS_LACQUERWARE,BUILDING_LACQUERWARE_HUT,Bead_Toy_Pottery,TECH_SIMPLE_WOOD_WORKING,9,17
BONUS_LARD,BUILDING_SYNTHETIC_MEAT_BIOREACTOR,Pepper2000,TECH_REPLACEMENT_ORGANS,97,28189
BONUS_LAZULITE_ORE,BUILDING_CORE_MINE,Pepper2000,TECH_NANOMINING,115,72474
BONUS_LEATHER,BUILDING_SYNTHETIC_MEAT_BIOREACTOR,Pepper2000,TECH_REPLACEMENT_ORGANS,97,28189
BONUS_LIZARDS,BUILDING_REPTILE_CAGE,Buildings,TECH_TRADE,25,164
BONUS_LITHIUM,BUILDING_CORE_MINE,Pepper2000,TECH_NANOMINING,115,72474
BONUS_LYE,BUILDING_CHEMICALS_DISTRICT,Pepper2000,TECH_NOVUS_CHEMISTRY,104,41539
BONUS_LSD,BUILDING_CHEMICAL_CONGLOMERATE,Pepper2000,TECH_MEGACORPORATIONS,102,38858
BONUS_MAGNESIUM_ORE,BUILDING_LUNAR_MAGNESIUM_EXTRACTION_FACILITY,Pepper2000,TECH_LUNAR_COLONIZATION,101,37614
BONUS_MICROGENERATORS,BUILDING_MICROGENERATOR_FACTORY,Buildings,TECH_MICROGENERATORS,95,26259
BONUS_MASKS,BUILDING_MANUFACTURING_DISTRICT,Pepper2000,TECH_RAPID_PROTOTYPING,93,24485
BONUS_MARTIAN_ROCKS,BUILDING_MARS_MINE,Pepper2000,TECH_PLANETARY_EXTRACTION,103,40165
BONUS_MARZIPAN,BUILDING_FOOD_MANUFACTURING_DISTRICT,Pepper2000,TECH_AUGMENTED_CONSUMABLES,102,38858
BONUS_MILK,BUILDING_SYNTHETIC_MEAT_BIOREACTOR,Pepper2000,TECH_REPLACEMENT_ORGANS,97,28189
BONUS_MECHS,BUILDING_MECH_ASSEMBLY_PLANT,Buildings,TECH_POWERED_EXOSKELETON,96,27203
BONUS_MICROWAVE_OVENS,BUILDING_ELECTRONICS_MANUFACTURING_DISTRICT,Pepper2000,TECH_RAPID_PROTOTYPING,93,24485
BONUS_MASCAGNITE,BUILDING_CORE_MINE,Pepper2000,TECH_NANOMINING,115,72474
BONUS_MEDICAL_TRICORDERS,BUILDING_MEDICAL_MEGACOMPLEX,Pepper2000,TECH_MOLECULAR_SCANNING,120,86834
BONUS_METHAMPHETAMINE,BUILDING_CHEMICAL_CONGLOMERATE,Pepper2000,TECH_MEGACORPORATIONS,102,38858
BONUS_MOON_ROCKS,BUILDING_LUNAR_BASE,Pepper2000,TECH_LUNAR_COLONIZATION,101,37614
BONUS_NANOACTUATORS,BUILDING_NANOACTUATOR_FACTORY,Buildings,TECH_NANOELECTRONICS,104,41539
BONUS_NANOTUBES,BUILDING_JOVIAN_TROJAN_MINING,Pepper2000,TECH_ASTEROID_EXTRACTION,119,83654
BONUS_NOVUS_CHEMICALS,BUILDING_MARTIAN_NOVUS_CHEMICAL_IMPORTER,Pepper2000,TECH_PLANETARY_TRADE,111,63426
BONUS_NETS,BUILDING_AQUAFARM,Pepper2000,undefined,null,null
BONUS_NICKEL_ORE,BUILDING_CORE_MINE,Pepper2000,TECH_NANOMINING,115,72474
BONUS_NANOBOTS,BUILDING_PICOTECH_COMPLEX,Pepper2000,TECH_PICOTECHNOLOGY,134,179514
BONUS_NEUROIMPLANTS,BUILDING_CYBERNETIC_FACTORY,Buildings,TECH_BRAIN_MACHINE_INTERFACE,98,29220
BONUS_NEWSPAPERS,BUILDING_MANUFACTURING_DISTRICT,Pepper2000,TECH_RAPID_PROTOTYPING,93,24485
BONUS_NANOGENERATORS,BUILDING_NANOGENERATOR_FACTORY,Buildings,TECH_NANOGENERATORS,101,37614
BONUS_NUTELLA,BUILDING_FOOD_MANUFACTURING_DISTRICT,Pepper2000,TECH_AUGMENTED_CONSUMABLES,102,38858
BONUS_NUTS,BUILDING_FARMSCRAPER_II,Pepper2000,undefined,null,null
BONUS_NYLON,BUILDING_CHEMICAL_CONGLOMERATE,Pepper2000,TECH_MEGACORPORATIONS,102,38858
BONUS_ORGANIC_PHOTONIC_CELLS,BUILDING_ORGANIC_PHOTONICS_FACTORY,Buildings,TECH_ORGANIC_PHOTONICS,93,24485
BONUS_ORGANIC_COMPUTERS,BUILDING_ORGANIC_COMPUTER_LAB,Buildings,TECH_AUGMENTED_CONSUMABLES,102,38858
BONUS_OLIVE_OIL,BUILDING_AGROFOREST,Pepper2000,undefined,null,null
BONUS_PAPER,BUILDING_ELECTRONIC_PAPER_MAKER,Pepper2000,TECH_PLASTIC_ELECTRONICS,103,40165
BONUS_OMEGA_FATTY_ACID,BUILDING_FATTY_ACID_FACTORY,Buildings,TECH_MOLECULAR_BIOLOGY,81,13724
BONUS_PASTA,BUILDING_FOOD_MANUFACTURING_DISTRICT,Pepper2000,TECH_AUGMENTED_CONSUMABLES,102,38858
BONUS_PARTS,BUILDING_LUNAR_MANUFACTURING_PLANT,Pepper2000,TECH_LUNAR_MANUFACTURING,102,38858
BONUS_PEAT,BUILDING_ADVANCED_EARTHWORKS,Pepper2000,TECH_MODERN_SEISMOLOGY,81,13724
BONUS_PELTS,BUILDING_SYNTHETIC_MEAT_BIOREACTOR,Pepper2000,TECH_REPLACEMENT_ORGANS,97,28189
BONUS_PERCUSSION_INSTRUMENTS,BUILDING_MUSIC_FACTORY,Pepper2000,TECH_ASSEMBLY_LINE,65,6042
BONUS_PENCILS,BUILDING_MANUFACTURING_DISTRICT,Pepper2000,TECH_RAPID_PROTOTYPING,93,24485
BONUS_PERSONAL_ELECTRONICS,BUILDING_ELECTRONICS_MANUFACTURING_DISTRICT,Pepper2000,TECH_RAPID_PROTOTYPING,93,24485
BONUS_PERFUME,BUILDING_CHEMICALS_DISTRICT,Pepper2000,TECH_NOVUS_CHEMISTRY,104,41539
BONUS_REPLICATORS,BUILDING_MOLECULAR_ASSEMBLER,Pepper2000,TECH_MOLECULAR_ASSEMBLY,129,149039
BONUS_PHONOGRAPHS,BUILDING_PHONOGRAPH_FACTORY,Buildings,TECH_ASSEMBLY_LINE,65,6042
BONUS_PLASTIC,BUILDING_LUNAR_ORGANIC_POLYMERE_FACTORY,Pepper2000,TECH_LUNAR_MANUFACTURING,102,38858
BONUS_PHARMACEUTICALS,BUILDING_LUNAR_ALGAE_LAB,Pepper2000,TECH_LUNAR_MANUFACTURING,102,38858
BONUS_PLASMA_GENERATORS,BUILDING_PLASMA_GENERATOR_FACTORY,Buildings,TECH_ELECTRIC_ARC_WEAPONRY,101,37614
BONUS_POISON,BUILDING_AMPHIBIAN_POND,Buildings,TECH_TRADE,25,164
BONUS_POTASH,BUILDING_ADVANCED_EARTHWORKS,Pepper2000,TECH_MODERN_SEISMOLOGY,81,13724
BONUS_POTATO_CHIPS,BUILDING_FOOD_MANUFACTURING_DISTRICT,Pepper2000,TECH_AUGMENTED_CONSUMABLES,102,38858
BONUS_POTTERY,BUILDING_POTTER,Bead_Toy_Pottery,TECH_POTTERY,21,96
BONUS_POWER_TOOLS,BUILDING_ELECTRONICS_MANUFACTURING_DISTRICT,Pepper2000,TECH_RAPID_PROTOTYPING,93,24485
BONUS_PUMICE_STONE,BUILDING_GATHERER_LAVA_ROCK,Buildings,TECH_GATHERING,2,4
BONUS_PYRITE,BUILDING_ADVANCED_EARTHWORKS,Pepper2000,TECH_MODERN_SEISMOLOGY,81,13724
BONUS_RADIOS,BUILDING_ELECTRONICS_MANUFACTURING_DISTRICT,Pepper2000,TECH_RAPID_PROTOTYPING,93,24485
BONUS_REEDS,BUILDING_AGROFOREST,Pepper2000,undefined,null,null
BONUS_RAW_FISH,BUILDING_LUNAR_FISH_FARM,Pepper2000,TECH_LUNAR_MANUFACTURING,102,38858
BONUS_RAW_MEAT,BUILDING_SYNTHETIC_MEAT_BIOREACTOR,Pepper2000,TECH_REPLACEMENT_ORGANS,97,28189
BONUS_REFRIGERATORS,BUILDING_ELECTRONICS_MANUFACTURING_DISTRICT,Pepper2000,TECH_RAPID_PROTOTYPING,93,24485
BONUS_REPLACEMENT_ORGANS,BUILDING_MEDICAL_MEGACOMPLEX,Pepper2000,TECH_MOLECULAR_SCANNING,120,86834
BONUS_ROASTED_COFFEE,BUILDING_FOOD_MANUFACTURING_DISTRICT,Pepper2000,TECH_AUGMENTED_CONSUMABLES,102,38858
BONUS_ROCKET_FUEL,BUILDING_CISLUNAR_REFUELING_STATION,Pepper2000,TECH_LUNAR_MANUFACTURING,102,38858
BONUS_ROPE,BUILDING_ROPE_WEAVER,Bead_Toy_Pottery,TECH_BINDING,5,9
BONUS_SAILS,BUILDING_SAIL_FACTORY,Buildings,TECH_ASSEMBLY_LINE,65,6042
BONUS_SADDLES,BUILDING_SADDLER,Buildings,TECH_ANIMAL_RIDING,17,52
BONUS_SAND,BUILDING_ADVANCED_EARTHWORKS,Pepper2000,TECH_MODERN_SEISMOLOGY,81,13724
BONUS_SCROLLS,BUILDING_SCROLL_MAKER,Buildings,TECH_WRITING,28,242
BONUS_SAUSAGE,BUILDING_FOOD_MANUFACTURING_DISTRICT,Pepper2000,TECH_AUGMENTED_CONSUMABLES,102,38858
BONUS_NOK_SCULPTURES,BUILDING_NOK,Buildings,TECH_ORNAMENTATION,27,213
BONUS_SCULPTURES,BUILDING_MANUFACTURING_DISTRICT,Pepper2000,TECH_RAPID_PROTOTYPING,93,24485
BONUS_SEASONING,BUILDING_FOOD_MANUFACTURING_DISTRICT,Pepper2000,TECH_AUGMENTED_CONSUMABLES,102,38858
BONUS_MICROCHIPS,BUILDING_LUNAR_SILICON_EXTRACTION_FACILITY,Pepper2000,TECH_LUNAR_MANUFACTURING,102,38858
BONUS_SERVICE_BOTS,BUILDING_SERVICE_BOT_FACTORY,Buildings,TECH_DISASTER_ROBOTS,98,29220
BONUS_SHELLFISH,BUILDING_AQUAFARM,Pepper2000,undefined,null,null
BONUS_SHOCKWAVE_ENGINES,BUILDING_SHOCKWAVE_ENGINE_FACTORY,Buildings,TECH_INTERNAL_SHOCKWAVE_ENGINE,103,40165
BONUS_SHOES,BUILDING_TEXTILE_DISTRICT,Pepper2000,TECH_RAPID_PROTOTYPING,93,24485
BONUS_SILK_FIBERS,BUILDING_TEXTILE_DISTRICT,Pepper2000,TECH_RAPID_PROTOTYPING,93,24485
BONUS_SKIS,BUILDING_SKIS_FACTORY,Buildings,TECH_MODERN_SPORTS,78,12152
BONUS_SMART_MEDICINE,BUILDING_RESEARCH_HOSPITAL,Buildings,TECH_SMART_DRUGS,106,44505
BONUS_SOAP,BUILDING_CHEMICALS_DISTRICT,Pepper2000,TECH_NOVUS_CHEMISTRY,104,41539
BONUS_SODA_POP,BUILDING_FOOD_MANUFACTURING_DISTRICT,Pepper2000,TECH_AUGMENTED_CONSUMABLES,102,38858
BONUS_SOYLENT_GREEN,BUILDING_SOYLENT_GREEN_FACTORY,Buildings,TECH_SIMULATED_REALITY,112,65511
BONUS_SPONGES,BUILDING_SPONGE_FARM,Buildings,TECH_AQUACULTURE,87,19916
BONUS_STEEL_INGOTS,BUILDING_IRON_WORKS,Buildings,TECH_STEEL,66,6351
BONUS_STIM_PACKS,BUILDING_MEDICAL_MEGACOMPLEX,Pepper2000,TECH_MOLECULAR_SCANNING,120,86834
BONUS_STONE_TOOLS,BUILDING_CACTUS_HILL,Buildings,TECH_AXE_MAKING,10,20
BONUS_STRAW,BUILDING_AGROFOREST,Pepper2000,undefined,null,null
BONUS_STRING_INSTRUMENTS,BUILDING_MUSIC_FACTORY,Pepper2000,TECH_ASSEMBLY_LINE,65,6042
BONUS_SYNTHETIC_RUBBER,BUILDING_LUNAR_ORGANIC_POLYMERE_FACTORY,Pepper2000,TECH_LUNAR_MANUFACTURING,102,38858
BONUS_TABLETS,BUILDING_TABLET_MAKER,Buildings,TECH_IDEOGRAMS,20,84
BONUS_TANKS,BUILDING_MILITARY_INDUSTRIAL_COMPLEX,Pepper2000,TECH_MILITARY_ROBOTICS,97,28189
BONUS_TANNIN,BUILDING_SYNTHETIC_MEAT_BIOREACTOR,Pepper2000,TECH_REPLACEMENT_ORGANS,97,28189
BONUS_TAPESTRIES,BUILDING_TEXTILE_DISTRICT,Pepper2000,TECH_RAPID_PROTOTYPING,93,24485
BONUS_TAR,BUILDING_ADVANCED_EARTHWORKS,Pepper2000,TECH_MODERN_SEISMOLOGY,81,13724
BONUS_TIRES,BUILDING_MANUFACTURING_DISTRICT,Pepper2000,TECH_RAPID_PROTOTYPING,93,24485
BONUS_TELEVISIONS,BUILDING_ELECTRONICS_MANUFACTURING_DISTRICT,Pepper2000,TECH_RAPID_PROTOTYPING,93,24485
BONUS_TOOLS,BUILDING_FORGE,Buildings,TECH_METAL_CASTING,25,164
BONUS_TOYS,BUILDING_TOYCARVER,Bead_Toy_Pottery,TECH_BOARD_GAMES,24,144
BONUS_TRANSISTORS,BUILDING_ELECTRONICS_MANUFACTURING_DISTRICT,Pepper2000,TECH_RAPID_PROTOTYPING,93,24485
BONUS_TUNGSTEN,BUILDING_CORE_MINE,Pepper2000,TECH_NANOMINING,115,72474
BONUS_TYPEWRITERS,BUILDING_TYPEWRITER_FACTORY,Buildings,TECH_MACHINE_TOOLS,64,5745
BONUS_UNMANNED_AIRCRAFTS,BUILDING_MILITARY_INDUSTRIAL_COMPLEX,Pepper2000,TECH_MILITARY_ROBOTICS,97,28189
BONUS_VACUUM_CLEANERS,BUILDING_ELECTRONICS_MANUFACTURING_DISTRICT,Pepper2000,TECH_RAPID_PROTOTYPING,93,24485
BONUS_ULTRAFUEL,BUILDING_CISLUNAR_ENHANCED_ALGAE_FARM,Pepper2000,TECH_DESIGNER_MICROBIOLOGY,109,49574
BONUS_VEGETABLES,BUILDING_FARMSCRAPER_I,Pepper2000,undefined,null,null
BONUS_VINES,BUILDING_AGROFOREST,Pepper2000,undefined,null,null
BONUS_VIDEO_GAMES,BUILDING_DESIGN_STUDIO,Buildings,TECH_PERSONAL_COMPUTERS,81,13724
BONUS_GOLD_WARES,BUILDING_METAL_MEGACOMPLEX,Pepper2000,TECH_NANOMINING,115,72474
BONUS_IRON_WARES,BUILDING_ADVANCED_IRONWORKS,Pepper2000,TECH_ADVANCED_METALLURGY,73,9889
BONUS_LEAD_WARES,BUILDING_METAL_MEGACOMPLEX,Pepper2000,TECH_NANOMINING,115,72474
BONUS_COPPER_WARES,BUILDING_MARS_FACTORY,Pepper2000,TECH_PLANETARY_MANUFACTURING,104,41539
BONUS_ELECTRUM_WARES,BUILDING_METAL_MEGACOMPLEX,Pepper2000,TECH_NANOMINING,115,72474
BONUS_BRONZE_WARES,BUILDING_METAL_MEGACOMPLEX,Pepper2000,TECH_NANOMINING,115,72474
BONUS_BRASS_WARES,BUILDING_METAL_MEGACOMPLEX,Pepper2000,TECH_NANOMINING,115,72474
BONUS_ALUMINUM_WARES,BUILDING_LUNAR_ALUMINIUM_EXTRACTION_FACILITY,Pepper2000,TECH_LUNAR_COLONIZATION,101,37614
BONUS_VULCANIZED_RUBBER,BUILDING_CHEMICAL_CONGLOMERATE,Pepper2000,TECH_MEGACORPORATIONS,102,38858
BONUS_PLATINUM_WARES,BUILDING_METAL_MEGACOMPLEX,Pepper2000,TECH_NANOMINING,115,72474
BONUS_SILVER_WARES,BUILDING_METAL_MEGACOMPLEX,Pepper2000,TECH_NANOMINING,115,72474
BONUS_TERRACOTTA,BUILDING_TERRACOTTA_WORKSHOP,Bead_Toy_Pottery,TECH_ORNAMENTATION,27,213
BONUS_TIN_WARES,BUILDING_METAL_MEGACOMPLEX,Pepper2000,TECH_NANOMINING,115,72474
BONUS_METAMATERIALS,BUILDING_PICOTECH_COMPLEX,Pepper2000,TECH_PICOTECHNOLOGY,134,179514
BONUS_TITANIUM_WARES,BUILDING_LUNAR_TITANIUM_EXTRACTION_FACILITY,Pepper2000,TECH_LUNAR_COLONIZATION,101,37614
BONUS_LIQUID_METAL,BUILDING_PICOTECH_COMPLEX,Pepper2000,TECH_PICOTECHNOLOGY,134,179514
BONUS_STEEL_WARES,BUILDING_LUNAR_IRON_EXTRACTION_FACILITY,Pepper2000,TECH_LUNAR_COLONIZATION,101,37614
BONUS_PORCELAIN,BUILDING_PORCELAIN_WORKSHOP,Bead_Toy_Pottery,TECH_AESTHETICS,38,749
BONUS_MEGASTRONG_ALLOYS,BUILDING_MEGASTRONG_ALLOY_FOUNDRY,Pepper2000,TECH_MEGASTRONG_ALLOYS,134,179514
BONUS_SUPERSTRONG_ALLOYS,BUILDING_PICOTECH_COMPLEX,Pepper2000,TECH_PICOTECHNOLOGY,134,179514
BONUS_WASHER_DRYER,BUILDING_ELECTRONICS_MANUFACTURING_DISTRICT,Pepper2000,TECH_RAPID_PROTOTYPING,93,24485
BONUS_WATER_BOTTLES,BUILDING_LUNAR_ORGANIC_POLYMERE_FACTORY,Pepper2000,TECH_LUNAR_MANUFACTURING,102,38858
BONUS_WAX,BUILDING_CHEMICAL_CONGLOMERATE,Pepper2000,TECH_MEGACORPORATIONS,102,38858
BONUS_WHALE_OIL,BUILDING_SYNTHETIC_MEAT_BIOREACTOR,Pepper2000,TECH_REPLACEMENT_ORGANS,97,28189
BONUS_WOODWIND_INSTRUMENTS,BUILDING_MUSIC_FACTORY,Pepper2000,TECH_ASSEMBLY_LINE,65,6042
BONUS_WOOD,BUILDING_AGROFOREST,Pepper2000,undefined,null,null
BONUS_QUETZALCOATL,BUILDING_QUETZALCOATL_BREEDER,Buildings,TECH_MYTHOLOCIAL_BEASTIARY,116,75052
BONUS_PEGASUS,BUILDING_PEGASUS_BREEDER,Buildings,TECH_MYTHOLOCIAL_BEASTIARY,116,75052
BONUS_JACKALOPE,BUILDING_JACKALOPE_BREEDER,Buildings,TECH_MYTHOLOCIAL_BEASTIARY,116,75052
BONUS_HIERACOSPHINX,BUILDING_HIERACOSPHINX_BREEDER,Buildings,TECH_MYTHOLOCIAL_BEASTIARY,116,75052
BONUS_WOOL,BUILDING_SYNTHETIC_MEAT_BIOREACTOR,Pepper2000,TECH_REPLACEMENT_ORGANS,97,28189
BONUS_PHOENIX,BUILDING_PHOENIX_BREEDER,Buildings,TECH_MYTHOLOCIAL_BEASTIARY,116,75052
BONUS_ZINC_ORE,BUILDING_CORE_MINE,Pepper2000,TECH_NANOMINING,115,72474
BONUS_QILIN,BUILDING_QILIN_BREEDER,Buildings,TECH_MYTHOLOCIAL_BEASTIARY,116,75052
BONUS_RAINBOW_SERPENT,BUILDING_RAINBOW_SERPENT_BREEDER,Buildings,TECH_MYTHOLOCIAL_BEASTIARY,116,75052
BONUS_PUNCH_CARDS,BUILDING_TABULATION_FIRM,Pepper2000,TECH_ENCRYPTION_MACHINES,73,9889
BONUS_CERMET,BUILDING_CHEMICAL_CONGLOMERATE,Pepper2000,TECH_MEGACORPORATIONS,102,38858
BONUS_CARBON_FIBER,BUILDING_CHEMICAL_CONGLOMERATE,Pepper2000,TECH_MEGACORPORATIONS,102,38858
BONUS_QUANTUM_DOTS,BUILDING_PICOTECH_COMPLEX,Pepper2000,TECH_PICOTECHNOLOGY,134,179514
BONUS_RARE_EARTH_MINERALS,BUILDING_RARE_EARTH_MINERAL_MINE,Pepper2000,TECH_MODERN_SEISMOLOGY,81,13724
BONUS_AEROGEL,BUILDING_AEROGEL,Pepper2000,TECH_METAMATERIALS,94,25354
BONUS_METALLIC_HYDROGEN,BUILDING_PICOTECH_COMPLEX,Pepper2000,TECH_PICOTECHNOLOGY,134,179514
BONUS_SYNTHETIC_DIAMOND,BUILDING_PICOTECH_COMPLEX,Pepper2000,TECH_PICOTECHNOLOGY,134,179514
BONUS_FULLERENE,BUILDING_PICOTECH_COMPLEX,Pepper2000,TECH_PICOTECHNOLOGY,134,179514
BONUS_TRANSPARENT_ALUMINUM,BUILDING_TRANSPARENT_ALUMINUM,Pepper2000,TECH_NANO_ARCHITECTURE,100,36429
BONUS_METAL_FOAM,BUILDING_PICOTECH_COMPLEX,Pepper2000,TECH_PICOTECHNOLOGY,134,179514
BONUS_NANOTRUSSES,BUILDING_NANOTRUSSES,Pepper2000,TECH_NANO_ARCHITECTURE,100,36429
BONUS_MARTIAN_MANUFACTURED_GOODS,BUILDING_MARS_FACTORY,Pepper2000,TECH_PLANETARY_MANUFACTURING,104,41539
BONUS_MARTIAN_ALGAE,BUILDING_MARS_BIOFACTORY,Pepper2000,TECH_DYSTOPIA_PATHOGENS,109,49574
BONUS_CARBYNE,BUILDING_CARBYNE,Pepper2000,TECH_SUPERSTRONG_ALLOYS,106,44505
BONUS_MARTIAN_VEGETABLES,BUILDING_MARTIAN_HYDROPONICS,Pepper2000,TECH_PLANETARY_COLONIZATION,102,38858
BONUS_MARTIAN_ELECTRONICS,BUILDING_MARS_HITECH,Pepper2000,TECH_ION_BEAMS,107,46107
BONUS_DIAMOND_NANOTHREADS,BUILDING_MARTIAN_DNT_IMPORTER,Pepper2000,TECH_PLANETARY_TRADE,111,63426
BONUS_MARTIAN_FRUIT,BUILDING_MARTIAN_VERTICAL_FARM,Pepper2000,TECH_BOTANICAL_ALCHEMY,114,70029
BONUS_PLASTEEL,BUILDING_DEEP_SPACE_PLASTEEL_FACTORY,Pepper2000,TECH_HYPERMAGNETICS,112,65511
BONUS_SUPERINTELLIGENT_COMPUTERS,BUILDING_CONSCIOUS_SPACE_STATION,Pepper2000,TECH_TECHNOLOGICAL_SINGULARITY,115,72474
BONUS_CLAYTRONIC_ATOMS,BUILDING_ANIMAMATERIAL_FACTORY,Pepper2000,TECH_ANIMAMATERIALS,116,75052
BONUS_DEEP_SPACE_NANOBOTS,BUILDING_DEEP_SPACE_FACTORY,Pepper2000,TECH_ANIMAMATERIALS,116,75052
BONUS_DEEP_SPACE_LIFEFORMS,BUILDING_COLONY_ECOSYSTEM,Pepper2000,TECH_GAIA_ECOLOGY,116,75052
BONUS_SUPERSOLID_MATERIAL,BUILDING_SUPERSOLID_HELIUM_PLANT,Pepper2000,TECH_FRICTIONLESS_FLIGHT,116,75052
BONUS_NANOMORPHIC_HABITATS,BUILDING_CLAYTRONIC_DEEP_SPACE,Pepper2000,TECH_NANOMORPHIC_TROIDS,128,144040
BONUS_MARTIAN_CROPS,BUILDING_MARS_FARM,Pepper2000,TECH_EXTRATERRESTRIAL_AGRICULTURE,122,93709
BONUS_ADVANCED_REPLICATORS,BUILDING_SELF_REPLICATING_FACTORY,Pepper2000,TECH_FORGE_WORLDS,131,159944
BONUS_ATOMICALLY_PRECISE_ALLOYS,BUILDING_ATOMICALLY_PRECISE_ALLOYS,Pepper2000,TECH_ATOMIC_SCALE_ENGINEERING,126,134744
BONUS_YGGDRASIL_SEEDS,BUILDING_WORLDHOUSE,Pepper2000,TECH_ECOSYNTHESIS,132,166029
BONUS_PERSONAL_SPACECRAFT,BUILDING_PERSONAL_SPACECRAFT_FACTORY,Pepper2000,TECH_FUSION_SPACECRAFT,126,134744
BONUS_COMPUTRONIUM,BUILDING_COMPUTRONIUM_FACTORY,Pepper2000,TECH_PICOTECHNOLOGY,134,179514
BONUS_KUGELBLITZ,BUILDING_BLACKHOLE_FACTORY,Pepper2000,TECH_SINGULARITY_STABILIZATION,133,172549
BONUS_WARP_DRIVES,BUILDING_WARP_DRIVE_FACTORY,Pepper2000,TECH_FOLDING_SPACE,136,194821
BONUS_FEMTOBOTS,BUILDING_FEMTOBOTS,Pepper2000,TECH_PARTICLE_GENETICS,139,271404
BONUS_AB_MATTER,BUILDING_AB_FOUNDRY,Pepper2000,TECH_FEMTOTECHNOLOGY,138,262044
BONUS_PERSONAL_STARCRAFT,BUILDING_PERSONAL_STARCRAFT_FACTORY,Pepper2000,TECH_REACTIONLESS_DRIVE,144,326209
BONUS_TIME_CRYSTALS,BUILDING_ETERNAL_INTELLIGENCE,Pepper2000,TECH_IMMORTALITY,141,291683
BONUS_VIBRANIUM,BUILDING_VIBRANIUM,Pepper2000,TECH_ZEPTOTECHNOLOGY,143,314134
BONUS_DARK_MATTER,BUILDING_DARK_MATTER_SCOOP,Pepper2000,TECH_DARK_MATTER_ENGINEERING,144,326209
BONUS_MAGNETIC_MONOPOLES,BUILDING_INTERGALACTIC_ACCELERATOR,Pepper2000,TECH_ELECTROWEAK_MATTER,145,338869
BONUS_CHRONOTON,BUILDING_CHRONOTON,Pepper2000,TECH_OMEGA_MINUS_ENGINEERING,146,352130
BONUS_ALICE_MATTER,BUILDING_EXOTIC_PARTICLE_FOUNDRY,Pepper2000,TECH_SUPERSYMMETRIC_PARTICLE_CONSTRUCTION,144,326209
BONUS_MITHRIL,BUILDING_MITHRIL_FOUNDRY,Pepper2000,TECH_FANTASY_MATERIALS,147,366008
BONUS_CONSCIOUS_MATERIALS,BUILDING_CONSCIOUS_MATERIAL,Pepper2000,TECH_FANTASY_MATERIALS,147,366008
BONUS_ORICHALCUM,BUILDING_ORICHALCUM_FORGE,Pepper2000,TECH_FANTASY_MATERIALS,147,366008
BONUS_NEUTRONIUM,BUILDING_NEUTRONIUM,Pepper2000,TECH_NEUTRONIUM,146,352130
BONUS_CHAOS_WANDS,BUILDING_SPELLCASTERS_HUT,Pepper2000,TECH_MENSIOKINESIS,147,366008
BONUS_PERSONAL_HYPERCRAFT,BUILDING_PERSONAL_HYPERCRAFT_FACTORY,Pepper2000,TECH_ENDOGENOUS_EUCLIDEAN_PROPULSION,151,528012
BONUS_ARTISAN_PLANETS,BUILDING_ARTISAN_PLANET_DESIGNER,Pepper2000,TECH_HYPERSTRUCTURE_ENGINEERING,150,511504
BONUS_TESSERACT,BUILDING_TESSERACT_ASSEMBLER,Pepper2000,TECH_TESSERACT_CONSTRUCTION,151,528012
BONUS_POCKET_UNIVERSE,BUILDING_POCKET_UNIVERSE,Pepper2000,TECH_SUBDIMENSIONAL_UNIVERSE,157,642419
BONUS_UNOBTAINIUM,BUILDING_UNOBTAINIUM,Pepper2000,TECH_SIMULATION_AWARENESS,159,686864
BONUS_WATERPROOF_CEMENT,BUILDING_WATERPROOF_CEMENT_MAKER,Buildings,TECH_WATERPROOF_CONCRETE,37,679
